Date,Close_Last,Volume,Open,High,Low
2020-07-31,35.26,5899422.0,35.0,37.5,34.04
2020-08-03,37.61,1078143.0,35.5,42.45,35.0
2020-08-04,38.52,322870.0,37.99,40.25,37.08
2020-08-05,40.24,505536.0,38.5,43.2999,38.39
2020-08-06,41.5,1077237.0,40.64,42.445,38.7006
2020-08-07,38.86,483421.0,41.01,41.7917,38.86
2020-08-10,36.44,294643.0,39.0,40.85,36.42
2020-08-11,35.45,398198.0,36.89,37.2211,34.5124
2020-08-12,36.45,452429.0,35.53,36.71,34.5689
2020-08-13,36.42,224843.0,36.56,37.065,36.01
2020-08-14,36.33,202027.0,36.0,36.6,35.41
2020-08-17,36.4,180903.0,36.18,36.68,35.6419
2020-08-18,36.68,187566.0,36.63,37.25,36.485
2020-08-19,36.51,170976.0,36.89,37.13,35.8234
2020-08-20,35.91,194745.0,36.41,36.48,35.53
2020-08-21,36.97,143336.0,36.05,37.23,35.64
2020-08-24,39.38,279650.0,36.931,39.86,36.68
2020-08-25,37.77,307642.0,37.12,38.47,36.35
2020-08-26,40.03,283598.0,37.87,40.4,37.26
2020-08-27,38.98,295890.0,40.0,42.5,38.07
2020-08-28,38.13,114123.0,39.2,40.0,37.97
2020-08-31,39.4,254693.0,37.8335,39.88,37.8335
2020-09-01,40.41,179440.0,39.65,40.58,38.928
2020-09-02,40.49,148953.0,40.58,41.95,40.27
2020-09-03,37.89,294279.0,40.3,40.6056,37.89
2020-09-04,36.97,201535.0,37.96,39.31,36.85
2020-09-08,35.36,200168.0,36.89,38.0555,35.22
2020-09-09,36.2,208688.0,35.81,38.97,35.78
2020-09-10,35.87,345077.0,36.26,37.37,34.745
2020-09-11,34.48,426839.0,36.2,39.0,34.37
2020-09-14,36.63,294605.0,35.27,37.17,34.84
2020-09-15,36.65,174252.0,36.82,37.305,35.5408
2020-09-16,37.7,248586.0,36.7,39.71,36.7
2020-09-17,39.24,257193.0,37.0,39.81,36.6
2020-09-18,38.51,1677913.0,39.997,41.52,38.05
2020-09-21,36.3,298039.0,37.54,38.43,36.21
2020-09-22,37.9,226136.0,36.33,38.67,36.3
2020-09-23,37.06,143626.0,37.89,38.23,36.6201
2020-09-24,37.16,165592.0,36.95,37.5,35.55
2020-09-25,39.37,164910.0,37.06,39.53,36.15
2020-09-28,39.73,160697.0,39.85,39.9999,37.52
2020-09-29,40.34,217660.0,39.84,40.7525,39.145
2020-09-30,40.53,106242.0,40.44,41.0,38.5266
2020-10-01,40.0,91885.0,40.92,41.24,39.84
2020-10-02,39.36,75489.0,39.39,40.0,38.85
2020-10-05,39.61,86418.0,39.63,40.0,38.75
2020-10-06,37.97,239724.0,39.76,39.96,37.97
2020-10-07,37.68,343490.0,38.31,38.96,36.8
2020-10-08,38.88,172740.0,38.02,39.39,36.89
2020-10-09,39.56,214490.0,40.21,40.5589,39.04
2020-10-12,39.73,174347.0,40.16,40.88,39.4796
2020-10-13,38.4,134729.0,39.91,39.92,38.26
2020-10-14,37.65,67019.0,38.67,38.97,37.52
2020-10-15,36.995,124361.0,37.51,37.6281,36.51
2020-10-16,36.73,139347.0,37.13,37.58,36.62
2020-10-19,35.58,124650.0,36.87,37.21,35.15
2020-10-20,34.62,119415.0,35.8,35.9,34.41
2020-10-21,33.17,155171.0,34.74,35.38,33.01
2020-10-22,34.3,276774.0,33.6,34.62,32.82
2020-10-23,35.19,109273.0,34.58,35.29,33.9419
2020-10-26,34.09,74635.0,34.89,35.2165,33.68
2020-10-27,34.74,101561.0,34.13,35.23,33.99
2020-10-28,34.47,119596.0,34.24,34.84,33.86
2020-10-29,34.57,193417.0,34.3,34.87,33.88
2020-10-30,34.56,158900.0,34.37,34.97,34.25
2020-11-02,34.3,76018.0,35.0,35.2899,34.07
2020-11-03,35.13,72962.0,34.72,35.47,34.3835
2020-11-04,35.32,75428.0,35.66,35.66,34.23
2020-11-05,35.5,101922.0,35.92,36.25,34.74
2020-11-06,36.57,85246.0,35.5,36.76,35.36
2020-11-09,35.45,176896.0,37.46,38.755,35.45
2020-11-10,31.25,785172.0,33.62,34.04,29.7
2020-11-11,30.25,987691.0,33.49,33.49,28.1255
2020-11-12,30.11,3430771.0,31.33,32.84,29.22
2020-11-13,29.87,975452.0,30.55,31.24,29.6
2020-11-16,27.76,1019133.0,31.89,31.94,27.23
2020-11-17,27.56,672050.0,28.04,28.845,26.27
2020-11-18,28.5,410340.0,28.0,28.83,27.6
2020-11-19,30.0,710164.0,28.71,30.1,28.29
2020-11-20,29.76,384134.0,29.99,30.3,29.0
2020-11-23,29.88,273002.0,29.9,30.1699,29.395
2020-11-24,29.72,774450.0,29.99,30.1,29.4
2020-11-25,29.8,382656.0,29.81,30.24,29.4
2020-11-27,29.43,79043.0,29.95,30.0,29.04
2020-11-30,29.64,437906.0,29.66,30.013,28.6
2020-12-01,29.95,379531.0,29.9,30.13,29.0
2020-12-02,29.88,424658.0,29.92,29.975,29.22
2020-12-03,28.8,240883.0,30.02,30.5166,28.65
2020-12-04,27.58,282957.0,28.92,29.14,27.51
2020-12-07,26.35,718514.0,27.7,27.7,25.3
2020-12-08,26.32,340516.0,26.43,26.97,26.15
2020-12-09,25.65,865227.0,26.36,26.545,25.29
2020-12-10,26.14,515085.0,26.0,26.65,25.65
2020-12-11,27.05,816162.0,26.22,27.92,25.69
2020-12-14,26.105,308129.0,27.68,27.85,25.89
2020-12-15,25.39,210202.0,26.05,26.05,25.08
2020-12-16,24.79,407705.0,25.51,25.7401,24.71
2020-12-17,25.32,362783.0,25.07,25.44,24.62
2020-12-18,27.41,542188.0,25.57,27.41,25.07
2020-12-21,28.46,610804.0,27.03,28.58,26.15
2020-12-22,27.77,475138.0,28.68,29.57,27.0
2020-12-23,27.84,353169.0,28.0,28.63,27.71
2020-12-24,26.66,130543.0,27.75,27.75,26.5
2020-12-28,26.18,427193.0,26.68,26.76,25.32
2020-12-29,25.06,483209.0,26.18,26.3,24.93
2020-12-30,24.93,570614.0,25.14,25.2015,24.2
2020-12-31,25.31,462488.0,24.85,25.48,24.175
2021-01-04,25.06,384779.0,25.41,25.44,24.08
2021-01-05,25.63,317162.0,25.29,25.82,25.0005
2021-01-06,26.55,621208.0,26.0,27.47,25.5
2021-01-07,27.53,365222.0,26.14,27.65,25.7101
2021-01-08,27.16,459464.0,27.52,28.5,26.8001
2021-01-11,26.45,277883.0,27.0,27.265,26.3
2021-01-12,26.64,255870.0,26.63,26.87,26.31
2021-01-13,25.72,485659.0,26.77,27.16,25.39
2021-01-14,25.49,496140.0,25.82,26.37,25.33
2021-01-15,25.68,412391.0,25.55,25.855,25.28
2021-01-19,26.0,471006.0,26.39,26.39,25.25
2021-01-20,24.44,495764.0,26.01,26.08,24.37
2021-01-21,24.72,633789.0,24.68,25.07,23.78
2021-01-22,26.34,449692.0,24.52,26.41,24.06
2021-01-25,25.91,684522.0,26.54,27.645,25.2
2021-01-26,26.2,730748.0,26.1,27.13,25.91
2021-01-27,26.14,926362.0,26.26,26.93,25.605
2021-01-28,24.25,637755.0,26.0,26.39,23.92
2021-01-29,24.73,641841.0,24.48,24.94,24.08
2021-02-01,25.5,611133.0,24.77,25.61,24.61
2021-02-02,26.12,631028.0,25.43,26.22,24.85
2021-02-03,25.96,370826.0,25.98,26.5805,25.15
2021-02-04,25.58,666671.0,26.11,27.0,25.0
2021-02-05,26.46,586866.0,25.77,26.75,25.6
2021-02-08,25.73,332103.0,26.75,26.75,25.55
2021-02-09,26.09,505791.0,25.93,26.13,25.0
2021-02-10,25.67,565734.0,26.21,26.96,25.5
2021-02-11,25.64,1210523.0,25.66,26.0,25.18
2021-02-12,27.33,1088115.0,27.022,27.99,25.6
2021-02-16,26.99,565189.0,27.75,28.44,26.27
2021-02-17,27.77,340910.0,26.66,27.82,26.32
2021-02-18,28.49,761188.0,27.91,29.19,27.501
2021-02-19,29.62,1730209.0,29.528,31.24,29.01
2021-02-22,29.87,804773.0,29.7,30.2,29.05
2021-02-23,28.48,821636.0,29.1,29.22,27.52
2021-02-24,28.46,419338.0,29.08,29.7,28.12
2021-02-25,27.1,396516.0,28.47,28.95,27.09
2021-02-26,27.12,558894.0,27.26,27.49,26.08
2021-03-01,28.05,472775.0,27.31,28.62,27.13
2021-03-02,27.81,397016.0,28.03,28.38,27.29
2021-03-03,28.06,328874.0,28.0,28.39,27.3
2021-03-04,27.35,430998.0,27.86,28.27,26.5
2021-03-05,26.63,545520.0,27.39,27.6,25.12
2021-03-08,27.19,397810.0,26.96,27.83,26.31
2021-03-09,27.18,387090.0,27.68,28.17,27.12
2021-03-10,27.51,335315.0,27.55,27.85,27.02
2021-03-11,27.45,543006.0,27.66,28.21,26.82
2021-03-12,28.36,387496.0,27.38,28.57,27.0017
2021-03-15,28.25,326246.0,28.41,29.19,28.11
2021-03-16,28.22,353114.0,28.31,28.5,27.52
2021-03-17,28.68,369819.0,28.23,28.7,27.305
2021-03-18,28.65,422403.0,28.45,28.7899,28.09
2021-03-19,26.6,2517080.0,28.98,28.98,26.54
2021-03-22,25.78,656320.0,26.88,27.07,25.2
2021-03-23,24.87,603178.0,25.86,26.58,24.42
2021-03-24,24.18,1056999.0,24.67,24.815,23.2
2021-03-25,21.36,1665731.0,23.046,23.94,21.0
2021-03-26,21.12,1349935.0,21.916,22.24,20.32
2021-03-29,19.77,1261591.0,21.0,21.3,19.49
2021-03-30,20.92,1268660.0,20.25,21.025,19.7344
2021-03-31,21.84,824359.0,21.338,21.97,20.925
2021-04-01,21.96,355753.0,21.84,22.33,21.7188
2021-04-05,22.17,337548.0,22.17,22.55,21.88
2021-04-06,22.85,508540.0,22.1,22.9,21.76
2021-04-07,22.09,304172.0,22.7,22.86,21.92
2021-04-08,23.17,281420.0,22.1,23.17,22.1
2021-04-09,23.34,240751.0,22.97,23.44,22.5
2021-04-12,23.28,202740.0,23.31,23.5006,22.1
2021-04-13,23.55,231129.0,23.28,23.88,23.005
2021-04-14,24.06,236278.0,23.55,24.2,23.0285
2021-04-15,24.49,337639.0,24.32,24.6356,23.83
2021-04-16,24.82,338403.0,24.505,24.94,24.21
2021-04-19,24.72,368504.0,24.72,25.24,24.15
2021-04-20,24.76,584924.0,24.65,25.07,24.055
2021-04-21,25.26,316128.0,24.7,25.9,24.53
2021-04-22,25.0,718124.0,25.14,25.2,24.52
2021-04-23,25.52,407240.0,25.09,25.98,25.06
2021-04-26,25.56,180761.0,25.76,26.09,25.2501
2021-04-27,25.29,232169.0,25.67,25.7,25.21
2021-04-28,24.11,182316.0,25.32,25.44,24.08
2021-04-29,25.25,336396.0,24.25,25.41,23.87
2021-04-30,24.32,292166.0,24.95,25.08,24.19
2021-05-03,23.28,185360.0,24.39,24.68,23.16
2021-05-04,22.55,428859.0,22.88,23.1243,21.2931
2021-05-05,22.37,133434.0,22.61,22.61,22.2
2021-05-06,21.23,342455.0,22.01,22.5,20.83
2021-05-07,20.86,325504.0,21.38,21.68,20.585
2021-05-10,20.15,487537.0,21.0,21.13,19.89
2021-05-11,20.76,996137.0,21.28,23.17,20.71
2021-05-12,19.5,658061.0,20.74,21.01,19.38
2021-05-13,19.93,765534.0,19.7,20.135,19.64
2021-05-14,20.37,386925.0,20.07,20.42,20.05
2021-05-17,20.05,273847.0,20.32,20.45,19.8
2021-05-18,20.28,439882.0,20.12,20.67,19.0654
2021-05-19,20.46,217639.0,19.95,20.46,19.7
2021-05-20,20.44,204624.0,20.57,20.99,20.41
2021-05-21,19.95,187218.0,20.56,20.7,19.79
2021-05-24,20.18,267188.0,20.05,20.6424,20.03
2021-05-25,20.2,307254.0,20.16,20.805,20.06
2021-05-26,20.79,320432.0,20.19,20.82,20.19
2021-05-27,21.25,450537.0,20.78,21.57,20.5801
2021-05-28,21.29,406964.0,21.24,21.54,20.91
2021-06-01,21.38,229452.0,21.46,21.5899,20.79
2021-06-02,21.99,296481.0,21.46,22.02,21.35
2021-06-03,21.49,153574.0,21.78,21.9747,21.21
2021-06-04,21.66,106662.0,21.45,21.7,21.1101
2021-06-07,22.51,387420.0,21.54,22.51,21.33
2021-06-08,23.3,290488.0,22.68,23.36,22.5212
2021-06-09,23.05,814708.0,23.4,24.36,22.9
2021-06-10,21.63,448534.0,23.08,23.27,21.44
2021-06-11,21.65,497413.0,21.58,22.15,21.42
2021-06-14,21.25,474405.0,21.855,22.1337,20.83
2021-06-15,20.69,570226.0,21.23,21.23,19.85
2021-06-16,21.18,268940.0,20.69,21.42,20.56
2021-06-17,21.71,196416.0,21.17,21.84,20.93
2021-06-18,21.01,523863.0,21.74,21.92,20.42
2021-06-21,21.65,193461.0,21.03,21.83,20.91
2021-06-22,21.54,141887.0,21.57,21.6669,21.01
2021-06-23,21.45,166651.0,21.68,21.98,21.32
2021-06-24,21.79,161263.0,21.65,21.97,21.6
2021-06-25,21.22,869730.0,21.74,21.83,21.12
2021-06-28,20.85,186860.0,21.29,21.56,20.78
2021-06-29,20.35,265174.0,20.79,21.0,20.12
2021-06-30,19.96,396616.0,20.27,20.33,19.79
2021-07-01,20.08,276985.0,20.05,20.2989,19.92
2021-07-02,19.87,285339.0,20.14,20.2,19.82
2021-07-06,20.5,394813.0,19.85,20.64,19.57
2021-07-07,20.19,387468.0,20.41,20.41,19.8
2021-07-08,20.0,269674.0,19.85,20.13,19.3
2021-07-09,19.93,221983.0,20.22,20.2499,19.45
2021-07-12,19.17,398617.0,19.96,19.96,18.9
2021-07-13,18.77,272226.0,19.0,19.21,18.72
2021-07-14,18.65,489373.0,18.92,18.95,17.89
2021-07-15,18.76,319624.0,18.5,18.81,17.85
2021-07-16,19.2,283158.0,18.98,19.4,18.9704
2021-07-19,19.15,233011.0,18.97,19.6,18.9
2021-07-20,19.36,231207.0,19.435,20.0,19.08
2021-07-21,19.66,195734.0,19.35,19.87,19.2
2021-07-22,19.0,268743.0,19.65,19.66,18.695
2021-07-23,18.99,146130.0,19.07,19.17,18.82
2021-07-26,18.46,173249.0,19.0,19.29,18.3
2021-07-27,17.8,222683.0,18.46,18.6139,17.71
2021-07-28,17.8,656132.0,18.08,18.1562,17.61
2021-07-29,17.86,275712.0,17.82,18.19,17.82
2021-07-30,17.41,257552.0,17.85,18.04,17.32
2021-08-02,17.26,213274.0,17.41,17.5799,17.17
2021-08-03,16.98,328643.0,17.34,17.34,16.825
2021-08-04,16.53,504571.0,16.81,16.93,16.36
2021-08-05,16.45,490200.0,16.5,16.6,16.02
2021-08-06,17.04,309613.0,16.55,17.31,16.29
2021-08-09,17.29,273277.0,17.02,17.58,16.82
2021-08-10,18.29,805940.0,18.15,18.7,17.8201
2021-08-11,17.73,327547.0,18.24,18.37,17.65
2021-08-12,17.21,253652.0,17.64,17.89,17.12
2021-08-13,17.73,230956.0,17.38,18.05,17.29
2021-08-16,17.55,225386.0,17.52,17.65,16.91
2021-08-17,17.99,277866.0,17.29,18.14,17.13
2021-08-18,17.87,332730.0,17.97,18.12,17.66
2021-08-19,17.19,242166.0,17.7,17.87,16.99
2021-08-20,17.39,287685.0,17.08,17.7066,17.0
2021-08-23,17.6,140058.0,17.39,17.655,17.2782
2021-08-24,17.09,218280.0,17.5,17.55,17.06
2021-08-25,17.13,266868.0,16.97,17.56,16.59
2021-08-26,16.73,228612.0,17.04,17.21,16.57
2021-08-27,17.19,198792.0,16.62,17.26,16.62
2021-08-30,17.26,106887.0,17.25,17.55,17.08
2021-08-31,17.98,401345.0,17.29,18.0,17.2077
2021-09-01,17.78,161226.0,17.92,18.09,17.63
2021-09-02,17.74,186769.0,17.82,18.05,17.58
2021-09-03,16.99,174589.0,17.75,17.83,16.93
2021-09-07,17.0,228158.0,16.9,17.23,16.78
2021-09-08,16.64,415630.0,17.05,17.05,16.38
2021-09-09,16.47,289819.0,16.61,16.7,16.45
2021-09-10,17.04,558911.0,17.09,17.34,16.77
2021-09-13,17.08,234694.0,17.1,17.3,16.8
2021-09-14,17.48,550506.0,17.47,17.845,17.35
2021-09-15,18.5,368275.0,17.38,18.58,17.31
2021-09-16,17.86,198706.0,18.41,18.415,17.76
2021-09-17,17.89,516602.0,17.79,18.23,17.45
2021-09-20,17.3,190594.0,17.58,17.71,17.09
2021-09-21,17.6,124689.0,17.35,17.71,17.2101
2021-09-22,17.5,274344.0,17.58,17.9,17.11
2021-09-23,17.94,168698.0,17.55,17.98,17.5408
2021-09-24,18.19,259024.0,17.95,18.26,17.61
2021-09-27,18.78,328882.0,18.26,18.95,18.11
2021-09-28,16.79,548848.0,18.61,18.635,16.66
2021-09-29,16.89,208757.0,16.8,17.0,16.3885
2021-09-30,17.57,504280.0,16.85,17.74,16.685
2021-10-01,17.84,195303.0,17.5,17.88,17.08
2021-10-04,17.06,300231.0,17.666,17.72,16.84
2021-10-05,17.25,301637.0,17.06,17.559,16.83
2021-10-06,17.84,389878.0,17.1,18.02,17.0328
2021-10-07,17.82,519843.0,17.63,18.11,17.51
2021-10-08,17.79,189337.0,17.97,18.0,17.73
2021-10-11,17.44,157593.0,17.78,18.19,17.4
2021-10-12,17.7,247109.0,17.4,17.715,17.37
2021-10-13,17.96,115975.0,17.82,18.2,17.57
2021-10-14,17.93,190773.0,18.18,18.25,17.74
2021-10-15,17.9,222337.0,18.14,18.14,17.85
2021-10-18,17.25,150705.0,17.86,17.86,17.22
2021-10-19,17.46,180096.0,17.15,17.48,16.86
2021-10-20,17.78,100653.0,17.55,17.965,17.5
2021-10-21,17.66,156655.0,17.66,17.905,17.53
2021-10-22,17.34,155357.0,17.41,17.47,17.15
2021-10-25,17.85,143888.0,17.43,17.86,17.19
2021-10-26,17.2,272773.0,17.84,17.95,17.17
2021-10-27,16.5,183007.0,17.2,17.32,16.45
2021-10-28,16.65,179619.0,16.54,16.89,16.31
2021-10-29,16.42,162317.0,16.55,17.0,16.3751
2021-11-01,16.93,142407.0,16.54,16.97,16.54
2021-11-02,16.75,199831.0,16.98,16.98,16.5
2021-11-03,17.29,153248.0,16.65,17.37,16.6
2021-11-04,17.02,129255.0,17.42,17.59,16.86
2021-11-05,16.57,188001.0,17.16,17.2983,16.51
2021-11-08,16.42,349384.0,16.78,17.1142,16.08
2021-11-09,17.96,776729.0,17.22,18.08,15.14
2021-11-10,18.66,398949.0,17.71,18.8,17.54
2021-11-11,19.24,501549.0,18.72,19.55,18.7
2021-11-12,19.17,266294.0,19.03,19.52,18.96
2021-11-15,19.32,164403.0,19.14,19.415,18.8
2021-11-16,19.7,428490.0,19.28,20.17,19.25
2021-11-17,20.03,276507.0,19.69,20.08,19.48
2021-11-18,18.8,251477.0,19.98,20.0,18.61
2021-11-19,18.99,203046.0,18.65,19.57,18.65
2021-11-22,19.5,208825.0,19.01,19.94,18.8323
2021-11-23,18.87,198226.0,19.42,19.6678,18.78
2021-11-24,18.64,91242.0,18.75,18.97,18.53
2021-11-26,17.99,130654.0,18.37,18.5,17.79
2021-11-29,17.14,156463.0,18.0,18.2073,17.035
2021-11-30,16.91,223658.0,17.09,17.13,16.33
2021-12-01,16.35,171994.0,17.12,17.46,16.12
2021-12-02,17.36,279497.0,16.57,17.42,16.35
2021-12-03,16.62,389214.0,17.41,17.41,16.37
2021-12-06,16.86,155954.0,16.48,17.089,16.1827
2021-12-07,17.8,130689.0,17.07,17.96,17.07
2021-12-08,17.51,183811.0,17.8,17.89,17.19
2021-12-09,17.48,149282.0,17.38,17.7576,17.3401
2021-12-10,16.86,145431.0,17.55,17.8,16.7414
2021-12-13,16.75,144478.0,17.09,17.09,16.71
2021-12-14,16.53,126024.0,16.66,16.94,16.42
2021-12-15,17.14,166998.0,16.43,17.27,16.32
2021-12-16,17.09,151120.0,17.43,17.78,17.03
2021-12-17,17.92,281905.0,16.87,18.12,16.83
2021-12-20,16.99,156190.0,17.51,17.94,16.71
2021-12-21,16.7,141083.0,17.22,17.41,16.5
2021-12-22,17.03,117724.0,16.6,17.36,16.5
2021-12-23,17.31,86877.0,17.17,17.56,16.74
2021-12-27,17.95,160774.0,17.41,18.08,17.03
2021-12-28,18.31,144776.0,17.88,18.65,17.58
2021-12-29,17.83,170917.0,17.94,18.36,17.76
2021-12-30,18.42,198146.0,17.69,18.44,17.69
2021-12-31,18.06,116530.0,18.31,18.6398,18.01
2022-01-03,18.31,255073.0,18.11,18.63,18.05
2022-01-04,18.18,103599.0,18.3,18.47,17.94
2022-01-05,17.57,134212.0,18.03,18.53,17.57
2022-01-06,18.29,101888.0,17.64,18.67,17.48
2022-01-07,18.51,82857.0,17.845,18.94,17.845
2022-01-10,18.95,154151.0,18.29,18.98,17.85
2022-01-11,19.15,209698.0,18.9,19.3,18.48
2022-01-12,18.54,134569.0,19.27,19.38,18.36
2022-01-13,18.52,147455.0,18.6,18.97,18.46
2022-01-14,18.39,157755.0,18.46,18.68,17.91
2022-01-18,17.55,198680.0,18.06,18.3192,17.25
2022-01-19,17.54,108980.0,17.6,17.955,17.27
2022-01-20,17.35,95798.0,17.6,17.88,17.27
2022-01-21,16.53,194758.0,17.52,17.99,16.5
2022-01-24,16.77,273342.0,16.25,16.9,16.0201
2022-01-25,16.45,135150.0,16.48,16.7825,16.1
2022-01-26,15.79,156070.0,16.63,16.63,15.53
2022-01-27,15.5,171148.0,15.98,16.2068,15.25
2022-01-28,15.44,144856.0,15.38,15.5946,15.02
2022-01-31,16.53,159271.0,15.6,16.54,15.2423
2022-02-01,16.71,106160.0,16.53,17.01,16.2413
2022-02-02,16.25,117770.0,16.85,17.0,16.1
2022-02-03,15.38,123621.0,16.0,16.14,15.27
2022-02-04,15.31,131897.0,15.58,15.77,15.04
2022-02-07,15.51,119806.0,15.5,15.82,15.24
2022-02-08,15.25,72906.0,15.45,15.5167,15.0273
2022-02-09,15.5,208011.0,15.35,15.51,15.02
2022-02-10,15.49,158460.0,15.14,15.97,15.13
2022-02-11,15.54,113963.0,15.57,15.97,15.21
2022-02-14,16.18,109929.0,15.63,16.23,15.3801
2022-02-15,16.51,124215.0,16.29,16.7571,16.15
2022-02-16,15.6,188864.0,16.47,16.5,15.21
2022-02-17,14.4,256471.0,15.5,15.5,14.21
2022-02-18,14.39,170801.0,14.27,14.5,14.0301
2022-02-22,13.84,240434.0,14.35,14.6,13.65
2022-02-23,13.6,200526.0,13.94,14.313,13.53
2022-02-24,14.24,246736.0,13.07,14.3,13.07
2022-02-25,14.11,200112.0,14.35,14.56,13.79
2022-02-28,14.25,296492.0,14.02,14.4,14.02
2022-03-01,13.6,116265.0,14.26,14.5,13.56
2022-03-02,13.15,246156.0,13.73,13.73,13.03
2022-03-03,13.11,124656.0,13.24,13.2817,13.0
2022-03-04,12.98,249696.0,13.0,13.17,12.805
2022-03-07,12.5,171791.0,12.93,12.96,12.44
2022-03-08,12.1,399661.0,12.72,12.72,12.06
2022-03-09,12.1,535409.0,12.46,12.6313,12.06
2022-03-10,12.81,784670.0,12.95,13.8395,12.79
2022-03-11,11.27,559277.0,13.34,13.34,11.07
2022-03-14,11.4,338115.0,11.22,12.0799,11.06
2022-03-15,12.06,198249.0,11.47,12.1,11.11
2022-03-16,12.83,169192.0,12.11,12.85,11.9801
2022-03-17,13.21,151140.0,12.78,13.38,12.78
2022-03-18,13.67,308503.0,13.04,13.725,12.98
2022-03-21,13.44,183783.0,13.765,13.795,13.27
2022-03-22,13.45,181252.0,13.3,13.81,13.206
2022-03-23,13.49,112160.0,13.3,13.57,13.235
2022-03-24,12.73,173048.0,13.55,13.63,12.68
2022-03-25,12.75,146218.0,12.74,12.9,12.47
2022-03-28,12.68,121691.0,12.74,12.84,12.34
2022-03-29,13.02,192537.0,12.78,13.215,12.72
2022-03-30,12.66,172449.0,13.0,13.01,12.633
2022-03-31,12.36,167504.0,12.75,12.75,12.26
2022-04-01,12.74,166741.0,12.6,12.78,12.31
2022-04-04,12.75,158660.0,12.82,12.93,12.58
2022-04-05,12.73,230897.0,12.74,12.75,12.2
2022-04-06,12.75,1170298.0,12.48,13.2,12.22
2022-04-07,12.73,340874.0,12.75,13.07,12.53
2022-04-08,12.73,319184.0,12.75,12.99,12.6201
2022-04-11,12.76,168491.0,12.67,13.27,12.67
2022-04-12,12.91,189033.0,12.97,12.985,12.7
2022-04-13,12.59,172933.0,12.88,12.9392,12.31
2022-04-14,12.22,356491.0,12.61,12.61,11.75
2022-04-18,11.89,156954.0,12.16,12.34,11.78
2022-04-19,12.26,160166.0,11.92,12.49,11.85
2022-04-20,12.09,122822.0,12.27,12.39,12.05
2022-04-21,12.71,264323.0,12.28,12.92,12.13
2022-04-22,12.68,280809.0,12.59,13.31,12.43
2022-04-25,12.76,162748.0,12.57,12.905,12.57
2022-04-26,11.64,247191.0,12.61,12.65,11.5
2022-04-27,11.64,142243.0,11.64,11.82,11.51
2022-04-28,11.62,201990.0,11.71,11.78,11.49
2022-04-29,11.5,293844.0,11.63,11.93,11.48
2022-05-02,12.18,218678.0,11.5,12.35,11.5
2022-05-03,12.29,309173.0,12.12,12.42,11.9
2022-05-04,12.54,281518.0,12.3,12.59,11.745
2022-05-05,11.92,325701.0,12.2,12.48,11.47
2022-05-06,12.55,340934.0,11.79,13.05,11.55
2022-05-09,11.89,217811.0,12.41,12.64,11.76
2022-05-10,10.78,487076.0,12.04,12.07,10.7
2022-05-11,9.72,542425.0,10.74,10.87,9.59
2022-05-12,9.83,199811.0,9.58,10.46,9.35
2022-05-13,9.93,283841.0,10.07,10.62,9.84
2022-05-16,9.4,196614.0,9.91,10.06,9.33
2022-05-17,9.81,299048.0,9.53,10.05,9.41
2022-05-18,9.64,273749.0,9.62,9.79,9.4
2022-05-19,9.79,250829.0,9.7,10.15,9.7
2022-05-20,9.58,196953.0,9.91,9.91,9.06
2022-05-23,10.31,379279.0,9.58,10.55,9.51
2022-05-24,9.9,463609.0,10.11,10.13,9.59
2022-05-25,9.85,230170.0,9.87,10.035,9.45
2022-05-26,9.96,327641.0,9.83,10.2,9.83
2022-05-27,10.0,153577.0,10.05,10.11,9.8901
2022-05-31,9.9,323683.0,10.04,10.11,9.77
2022-06-01,9.9,668692.0,10.01,10.07,9.75
2022-06-02,10.38,672827.0,9.94,10.45,9.91
2022-06-03,9.7,196150.0,10.27,10.56,9.68
2022-06-06,9.84,194916.0,9.86,10.07,9.62
2022-06-07,9.73,155939.0,9.76,9.9299,9.64
2022-06-08,9.11,206420.0,9.7,9.86,9.07
2022-06-09,9.1,211353.0,9.12,9.34,8.82
2022-06-10,8.96,151107.0,9.07,9.22,8.89
2022-06-13,8.45,196555.0,8.66,8.81,8.34
2022-06-14,8.42,246275.0,8.45,8.46,8.05
2022-06-15,8.78,264815.0,8.42,8.92,8.42
2022-06-16,8.77,273264.0,8.61,8.8,8.43
2022-06-17,9.06,360001.0,8.87,9.23,8.86
2022-06-21,8.97,224514.0,9.14,9.38,8.95
2022-06-22,9.05,217249.0,8.9,9.2,8.58
2022-06-23,9.16,163117.0,9.08,9.35,9.07
2022-06-24,8.94,741871.0,9.18,9.4599,8.91
2022-06-27,9.07,313191.0,9.07,9.35,8.87
2022-06-28,8.53,168337.0,9.11,9.24,8.5
2022-06-29,8.17,458930.0,8.52,8.54,7.89
2022-06-30,8.75,266304.0,8.11,8.93,8.04
2022-07-01,8.83,120729.0,8.69,8.93,8.54
2022-07-05,8.72,93749.0,8.77,8.77,8.39
2022-07-06,8.73,187775.0,8.73,8.86,8.43
2022-07-07,9.47,326979.0,8.72,9.5001,8.72
2022-07-08,9.27,228553.0,9.38,9.62,9.1001
2022-07-11,8.87,518768.0,9.17,9.38,8.78
2022-07-12,8.89,147686.0,8.87,9.02,8.86
2022-07-13,8.89,121228.0,8.81,9.06,8.81
2022-07-14,8.61,102559.0,8.77,8.99,8.45
2022-07-15,8.95,199869.0,8.78,9.025,8.695
2022-07-18,8.83,106437.0,9.01,9.28,8.77
2022-07-19,9.07,227457.0,9.02,9.26,9.0
2022-07-20,10.53,931496.0,9.99,10.75,9.73
2022-07-21,11.49,1227993.0,10.53,11.61,10.235
2022-07-22,10.73,482621.0,11.37,11.4,10.425
2022-07-25,10.59,157310.0,10.78,10.92,10.435
2022-07-26,10.86,191252.0,10.43,10.9,10.24
2022-07-27,10.79,159394.0,11.0,11.19,10.46
2022-07-28,10.81,138247.0,10.79,10.84,10.52
2022-07-29,11.8,379279.0,10.84,11.86,10.67
2022-08-01,11.62,526295.0,11.69,11.77,11.09
2022-08-02,11.88,271001.0,11.58,12.08,11.57
2022-08-03,12.06,399184.0,12.06,12.24,11.65
2022-08-04,13.45,777686.0,12.29,13.595,12.0201
2022-08-05,13.54,321722.0,13.4,13.9699,13.11
2022-08-08,14.05,353954.0,13.7,14.32,13.61
2022-08-09,13.88,237686.0,13.98,14.06,13.5
2022-08-10,14.29,418530.0,14.14,14.34,13.57
2022-08-11,13.77,219863.0,14.31,14.433,13.74
2022-08-12,14.22,178801.0,13.89,14.38,13.53
2022-08-15,13.84,303058.0,14.06,14.145,13.8
2022-08-16,14.03,309044.0,13.78,14.175,13.53
2022-08-17,13.79,195527.0,13.97,14.1,13.77
2022-08-18,13.72,97198.0,13.69,13.84,13.64
2022-08-19,14.4,597151.0,13.54,14.68,13.435
2022-08-22,13.54,253722.0,14.21,14.34,13.28
2022-08-23,13.39,173678.0,13.46,13.69,13.36
2022-08-24,13.22,219712.0,13.43,13.78,13.13
2022-08-25,13.01,188178.0,13.3,13.465,12.89
2022-08-26,12.83,194625.0,13.04,13.2,12.6
2022-08-29,13.34,148533.0,12.7,13.57,12.7
2022-08-30,13.21,199105.0,13.35,13.63,13.08
2022-08-31,12.95,293214.0,13.24,13.6,12.68
2022-09-01,13.03,203851.0,12.97,13.115,12.63
2022-09-02,12.7,140288.0,13.0,13.0263,12.38
2022-09-06,12.95,283657.0,12.77,13.03,12.55
2022-09-07,13.51,209398.0,12.98,13.56,12.98
2022-09-08,13.96,382380.0,13.36,14.11,13.2406
2022-09-09,14.35,291433.0,13.93,14.44,13.59
2022-09-12,13.38,199569.0,14.36,14.8,13.36
2022-09-13,13.19,270141.0,13.07,13.58,12.98
2022-09-14,13.22,320674.0,13.27,13.45,13.1
2022-09-15,12.18,304777.0,13.04,13.17,12.06
2022-09-16,11.82,535481.0,11.92,11.925,11.16
2022-09-19,11.88,286394.0,11.67,11.89,11.53
2022-09-20,11.39,427952.0,11.89,11.89,11.26
2022-09-21,11.52,257421.0,11.43,11.61,11.15
2022-09-22,11.55,195682.0,11.52,11.67,11.27
2022-09-23,11.68,157407.0,11.4,11.7,11.23
2022-09-26,11.61,172091.0,11.59,11.87,11.4936
2022-09-27,11.32,123409.0,11.72,11.89,11.21
2022-09-28,11.71,179099.0,11.21,11.78,11.05
2022-09-29,11.39,112100.0,11.58,11.58,11.19
2022-09-30,11.97,308120.0,11.97,12.37,11.51
2022-10-03,11.82,142617.0,11.98,12.25,11.73
2022-10-04,12.41,376364.0,11.93,12.51,11.93
2022-10-05,12.14,175493.0,12.28,12.375,11.9
2022-10-06,11.88,166194.0,12.12,12.44,11.83
2022-10-07,11.49,199414.0,11.68,11.85,11.42
2022-10-10,12.11,136167.0,11.58,12.3,11.51
2022-10-11,11.93,127893.0,12.17,12.25,11.74
2022-10-12,12.01,91532.0,11.84,12.1896,11.69
2022-10-13,12.57,134480.0,11.74,12.62,11.74
2022-10-14,12.13,143211.0,12.73,12.89,12.06
2022-10-17,12.62,124885.0,12.31,12.69,12.31
2022-10-18,11.89,223017.0,12.48,12.65,11.735
2022-10-19,11.62,193610.0,11.81,11.97,11.5
2022-10-20,11.49,128334.0,11.61,11.845,11.34
2022-10-21,11.7,139413.0,11.58,11.837,11.4181
2022-10-24,12.21,160136.0,11.75,12.35,11.59
2022-10-25,12.51,131742.0,12.17,12.58,12.17
2022-10-26,12.61,93132.0,12.5,12.79,12.5
2022-10-27,12.75,126687.0,12.72,13.05,12.69
2022-10-28,12.91,156122.0,12.76,12.97,12.6605
2022-10-31,13.24,149656.0,12.68,13.34,12.62
2022-11-01,13.39,165623.0,13.46,13.85,13.33
2022-11-02,12.94,191958.0,13.22,13.46,12.82
2022-11-03,13.44,227227.0,13.36,14.59,13.3381
2022-11-04,13.5,176700.0,13.67,14.23,13.31
2022-11-07,14.52,176684.0,13.61,14.55,13.38
2022-11-08,14.43,190723.0,14.5,14.8,14.17
2022-11-09,14.54,172619.0,14.17,14.75,14.023
2022-11-10,14.51,155706.0,14.84,15.0,14.19
2022-11-11,14.56,104994.0,14.51,14.58,14.0
2022-11-14,14.6,128909.0,14.62,14.88,14.31
2022-11-15,14.7,132600.0,14.84,15.09,14.7
2022-11-16,14.58,110547.0,14.7,14.8,14.46
2022-11-17,14.08,109435.0,14.43,14.5265,13.905
2022-11-18,13.94,119658.0,14.32,14.32,13.8
2022-11-21,14.52,170765.0,13.88,14.715,13.81
2022-11-22,13.98,99577.0,14.53,14.75,13.93
2022-11-23,13.83,162695.0,13.93,13.99,13.4
2022-11-25,14.13,61409.0,13.9,14.31,13.64
2022-11-28,13.66,93042.0,14.1,14.2,13.61
2022-11-29,13.54,94180.0,13.68,13.72,13.46
2022-11-30,14.27,303251.0,13.63,14.29,13.0204
2022-12-01,14.37,146940.0,14.37,14.8,14.2988
2022-12-02,14.67,182458.0,14.25,14.79,14.11
2022-12-05,14.74,183127.0,14.59,14.82,14.39
2022-12-06,14.8,260405.0,14.7,15.2,14.7
2022-12-07,14.92,188457.0,14.72,14.99,14.72
2022-12-08,15.8,290735.0,15.02,15.83,14.81
2022-12-09,15.12,276010.0,16.02,16.02,14.92
2022-12-12,14.84,134205.0,14.98,15.255,14.72
2022-12-13,14.99,275234.0,15.14,15.84,14.905
2022-12-14,15.2,185316.0,14.94,15.33,14.14
2022-12-15,15.07,138870.0,14.96,15.19,14.739
2022-12-16,14.97,167111.0,14.98,15.2725,14.61
2022-12-19,15.03,141473.0,14.99,15.08,14.56
2022-12-20,14.99,117012.0,15.03,15.2276,14.83
2022-12-21,15.38,138635.0,15.1,15.51,14.8613
2022-12-22,15.49,134894.0,15.3,15.59,15.15
2022-12-23,15.48,97113.0,15.48,15.735,15.31
2022-12-27,15.71,140919.0,15.47,15.85,15.35
2022-12-28,15.91,162574.0,15.71,15.98,15.655
2022-12-29,15.27,160884.0,15.97,16.13,15.14
2022-12-30,14.92,208286.0,15.19,15.4634,14.61
2023-01-03,15.14,252117.0,15.14,15.3563,14.76
2023-01-04,15.0,186708.0,15.19,15.41,14.865
2023-01-05,15.07,206702.0,14.95,15.21,14.76
2023-01-06,15.19,221655.0,15.25,15.34,15.0
2023-01-09,15.26,174862.0,15.14,15.62,15.14
2023-01-10,15.45,304157.0,15.2,15.6899,15.175
2023-01-11,15.26,281410.0,15.45,15.74,14.56
2023-01-12,15.85,274759.0,15.3,15.97,15.16
2023-01-13,16.29,214636.0,15.99,16.49,15.905
2023-01-17,17.4,391767.0,16.34,17.92,16.34
2023-01-18,17.11,218083.0,17.41,17.77,16.6
2023-01-19,16.86,125103.0,17.08,17.3,16.765
2023-01-20,17.7,260329.0,17.24,18.18,17.1002
2023-01-23,17.5,264228.0,17.76,17.98,17.15
2023-01-24,16.87,181380.0,17.5,17.5358,16.855
2023-01-25,17.19,266192.0,16.79,17.21,16.61
2023-01-26,16.86,157981.0,17.31,17.448,16.47
2023-01-27,17.2,128776.0,16.79,17.295,16.77
2023-01-30,17.5,270504.0,17.45,17.7421,17.24
2023-01-31,17.58,233778.0,17.47,17.6,17.3001
2023-02-01,17.65,163614.0,17.58,17.82,17.41
2023-02-02,17.67,176869.0,17.68,18.04,17.53
2023-02-03,16.95,155819.0,17.52,17.73,16.86
2023-02-06,17.06,126177.0,16.98,17.2,16.67
2023-02-07,16.86,143298.0,17.05,17.3,16.64
2023-02-08,16.18,305824.0,16.71,16.85,15.12
2023-02-09,15.8,402931.0,15.95,16.22,15.6818
2023-02-10,15.43,273409.0,15.66,15.9,15.29
2023-02-13,15.37,259551.0,15.48,15.49,15.08
2023-02-14,15.04,270264.0,15.31,15.59,14.94
2023-02-15,15.5,229714.0,14.97,15.59,14.97
2023-02-16,15.19,247548.0,15.34,15.45,15.1
2023-02-17,16.14,206348.0,15.3,16.15,15.23
2023-02-21,15.84,155202.0,16.16,16.2177,15.71
2023-02-22,16.01,259675.0,15.86,16.05,15.83
2023-02-23,15.74,209888.0,16.04,16.29,15.7
2023-02-24,16.4,302206.0,15.61,16.42,15.45
2023-02-27,16.35,145687.0,16.46,16.6,16.28
2023-02-28,16.16,328591.0,16.39,16.69,16.15
2023-03-01,16.28,116921.0,16.18,16.36,15.94
2023-03-02,15.78,241333.0,16.39,16.39,15.75
2023-03-03,15.98,257786.0,15.84,16.04,15.62
2023-03-06,15.72,232698.0,15.93,15.93,15.55
2023-03-07,15.68,119113.0,15.79,15.81,15.56
2023-03-08,15.33,191382.0,15.66,15.7,15.24
2023-03-09,15.99,541745.0,16.29,16.99,15.94
2023-03-10,15.48,299063.0,16.11,16.11,15.2
2023-03-13,15.31,232640.0,15.2,15.52,15.02
2023-03-14,14.73,335349.0,15.59,15.675,14.37
2023-03-15,14.49,318080.0,14.47,14.57,13.86
2023-03-16,14.37,155071.0,14.39,14.52,14.135
2023-03-17,13.91,349997.0,14.24,14.29,13.75
2023-03-20,14.08,206539.0,13.91,14.22,13.77
2023-03-21,14.27,135062.0,14.25,14.5,14.13
2023-03-22,13.99,124148.0,14.28,14.415,13.97
2023-03-23,14.09,161321.0,14.2,14.305,13.91
2023-03-24,14.91,254621.0,14.09,14.92,14.09
2023-03-27,15.28,184753.0,14.95,15.375,14.95
2023-03-28,15.02,196947.0,15.27,15.43,14.99
2023-03-29,15.01,160999.0,15.11,15.33,14.96
2023-03-30,15.08,130365.0,15.06,15.32,14.93
2023-03-31,15.3,239375.0,15.13,15.405,15.1
2023-04-03,15.21,170071.0,15.35,15.35,15.0101
2023-04-04,14.9,143455.0,15.16,15.25,14.69
2023-04-05,14.55,127813.0,14.87,14.9,14.51
2023-04-06,14.55,78896.0,14.48,14.66,14.41
2023-04-10,14.69,101680.0,14.42,14.77,14.4
2023-04-11,14.52,148483.0,14.7,14.79,14.505
2023-04-12,13.81,154900.0,14.57,14.62,13.8
2023-04-13,13.73,245984.0,13.81,13.92,13.53
2023-04-14,13.47,251741.0,13.81,13.95,13.43
2023-04-17,13.44,130087.0,13.47,13.705,13.39
2023-04-18,13.0,170484.0,13.24,13.49,12.975
2023-04-19,12.94,162985.0,13.09,13.1,12.86
2023-04-20,12.92,93272.0,12.91,13.19,12.85
2023-04-21,13.14,163133.0,12.9,13.22,12.85
2023-04-24,13.29,130363.0,13.18,13.46,13.13
2023-04-25,12.96,152538.0,13.12,13.31,12.95
2023-04-26,12.92,152559.0,12.9,13.01,12.7205
2023-04-27,12.88,103519.0,12.95,13.15,12.865
2023-04-28,12.88,138122.0,12.84,13.02,12.815
2023-05-01,13.15,258671.0,12.8,13.16,12.75
2023-05-02,12.72,134289.0,12.99,13.05,12.7
2023-05-03,13.0,438415.0,12.72,13.14,12.27
2023-05-04,14.93,718633.0,15.19,15.81,13.735
2023-05-05,15.42,348041.0,15.43,15.8,15.1212
2023-05-08,15.4,289259.0,15.4,15.9,15.03
2023-05-09,15.65,283388.0,15.35,16.145,15.21
2023-05-10,15.91,305004.0,15.78,16.005,15.628
2023-05-11,15.09,278448.0,15.82,15.89,15.025
2023-05-12,14.54,202712.0,15.07,15.26,14.51
2023-05-15,14.43,181518.0,14.56,14.8,14.32
2023-05-16,14.29,184832.0,14.31,14.51,14.2
2023-05-17,14.85,256345.0,14.36,15.01,14.25
2023-05-18,14.87,198784.0,14.83,14.9,14.35
2023-05-19,15.15,189460.0,15.02,15.23,14.97
2023-05-22,15.12,149589.0,15.13,15.305,15.01
2023-05-23,15.19,240077.0,15.09,15.37,14.98
2023-05-24,15.11,205894.0,15.18,15.37,15.075
2023-05-25,14.66,124382.0,15.0,15.04,14.62
2023-05-26,14.98,150934.0,14.68,15.03,14.58
2023-05-30,13.86,206904.0,15.01,15.01,13.76
2023-05-31,14.49,459889.0,13.85,14.54,13.77
2023-06-01,14.49,583375.0,14.49,15.0,14.435
2023-06-02,14.71,309500.0,14.72,15.0086,14.54
2023-06-05,14.54,178857.0,14.7,14.77,14.52
2023-06-06,14.62,212780.0,14.5,14.63,14.16
2023-06-07,14.79,287918.0,14.67,15.05,14.6461
2023-06-08,14.65,159423.0,14.72,14.81,14.39
2023-06-09,14.16,238216.0,14.72,14.84,14.13
2023-06-12,14.34,184833.0,14.18,14.54,14.07
2023-06-13,13.78,228266.0,14.26,14.4199,13.72
2023-06-14,13.61,145894.0,13.78,13.9,13.56
2023-06-15,13.48,143918.0,13.63,13.71,13.415
2023-06-16,13.23,611950.0,13.61,13.73,13.025
2023-06-20,12.95,233416.0,13.27,13.27,12.9
2023-06-21,13.0,448878.0,12.95,13.09,12.55
2023-06-22,13.21,184450.0,13.05,13.31,12.8578
2023-06-23,13.18,472980.0,13.06,13.59,13.0
2023-06-26,12.56,218424.0,13.09,13.22,12.54
2023-06-27,12.01,215455.0,12.6,12.63,11.99
2023-06-28,11.79,278943.0,12.05,12.05,11.7
2023-06-29,11.9,390162.0,11.87,12.25,11.77
2023-06-30,11.99,231311.0,11.92,12.1,11.8
2023-07-03,12.05,105029.0,11.96,12.07,11.87
2023-07-05,11.85,264687.0,11.92,12.29,11.8103
2023-07-06,11.42,161881.0,11.8,11.8,11.36
2023-07-07,11.35,145027.0,11.39,11.5172,11.24
2023-07-10,11.38,331910.0,11.34,11.63,11.26
2023-07-11,11.15,475366.0,11.43,11.48,11.04
2023-07-12,11.03,254747.0,11.24,11.3599,11.0
2023-07-13,11.17,281164.0,11.1,11.275,11.0247
2023-07-14,10.26,2791386.0,11.25,11.25,10.0
2023-07-17,10.8,528082.0,10.34,11.03,10.265
2023-07-18,11.13,1493378.0,10.76,11.74,10.6601
2023-07-19,10.975,756147.0,11.27,12.03,10.9501
2023-07-20,10.92,349270.0,10.9,10.98,10.6
2023-07-21,10.68,253064.0,10.93,10.95,10.6579
2023-07-24,10.72,368305.0,10.65,10.98,10.56
2023-07-25,10.69,238576.0,10.82,10.82,10.58
2023-07-26,11.11,324624.0,10.66,11.32,10.66
2023-07-27,11.07,884839.0,11.11,11.9,10.9
2023-07-28,11.44,274214.0,11.31,11.57,11.01
2023-07-31,11.7,437236.0,11.48,11.8,11.33
2023-08-01,10.705,422967.0,11.69,11.89,10.66
2023-08-02,10.54,494039.0,10.71,10.9,10.43
2023-08-03,13.27,2112589.0,12.02,14.45,11.99
2023-08-04,12.4,759471.0,13.36,14.18,12.25
2023-08-07,12.25,440021.0,12.4,12.568,11.91
2023-08-08,12.18,873985.0,12.22,12.67,12.0601
2023-08-09,11.66,383541.0,12.16,12.16,11.47
2023-08-10,12.0,328668.0,11.82,12.09,11.68
2023-08-11,12.01,194273.0,11.92,12.09,11.82
2023-08-14,11.65,308729.0,11.95,11.95,11.4837
2023-08-15,11.35,287076.0,11.63,11.69,11.29
2023-08-16,12.0,1091845.0,11.33,13.49,11.33
2023-08-17,11.98,647190.0,12.02,12.74,11.94
2023-08-18,12.51,747114.0,11.88,12.62,11.88
2023-08-21,12.42,348969.0,12.46,12.62,12.03
2023-08-22,12.59,331470.0,12.38,12.73,12.2
2023-08-23,12.46,237714.0,12.58,12.83,12.32
2023-08-24,12.06,255208.0,12.34,12.4,12.03
2023-08-25,12.19,166020.0,12.11,12.3,12.03
2023-08-28,12.23,164365.0,12.2,12.39,12.12
2023-08-29,11.98,330312.0,12.23,12.29,11.89
2023-08-30,11.985,206427.0,11.96,12.11,11.83
2023-08-31,11.78,160889.0,11.99,12.04,11.77
2023-09-01,11.86,208041.0,11.8,12.03,11.78
2023-09-05,11.57,286800.0,11.8,11.8,11.37
2023-09-06,11.3,284024.0,11.57,11.735,11.26
2023-09-07,11.46,317772.0,11.31,11.545,11.07
2023-09-08,11.43,154368.0,11.46,11.46,11.26
2023-09-11,10.98,250581.0,11.44,11.44,10.86
2023-09-12,11.12,248248.0,10.97,11.24,10.88
2023-09-13,10.38,454821.0,10.98,10.98,10.3
2023-09-14,10.69,424646.0,10.44,10.75,10.44
2023-09-15,10.82,505310.0,10.71,10.95,10.66
2023-09-18,10.92,573506.0,10.78,11.015,10.6101
2023-09-19,11.23,413940.0,11.36,11.8,11.17
2023-09-20,11.08,240811.0,11.26,11.39,11.055
2023-09-21,11.64,441771.0,11.07,11.88,11.07
2023-09-22,11.69,447578.0,11.74,12.0001,11.605
2023-09-25,11.59,254950.0,11.6,11.8098,11.5
2023-09-26,11.59,320556.0,11.57,11.76,11.45
2023-09-27,11.48,192022.0,11.6,11.7,11.33
2023-09-28,11.74,209571.0,11.48,11.86,11.47
2023-09-29,11.58,470046.0,11.8,11.89,11.49
2023-10-02,11.21,165013.0,11.53,11.55,11.12
2023-10-03,11.16,162623.0,11.17,11.36,11.14
2023-10-04,11.1,176890.0,11.02,11.16,10.9238
2023-10-05,11.0,298167.0,11.06,11.22,10.87
2023-10-06,10.89,206805.0,11.0,11.04,10.78
2023-10-09,11.12,218583.0,10.89,11.24,10.84
2023-10-10,11.45,242998.0,11.11,11.47,11.11
2023-10-11,11.1,161493.0,11.45,11.51,11.0
2023-10-12,10.82,226122.0,11.16,11.16,10.57
2023-10-13,10.76,247162.0,10.85,10.9499,10.7001
2023-10-16,10.99,340242.0,10.81,10.99,10.66
2023-10-17,10.99,211095.0,10.91,11.18,10.89
2023-10-18,11.02,211875.0,10.97,11.145,10.91
2023-10-19,10.99,187789.0,10.83,10.99,10.77
2023-10-20,10.57,283016.0,10.98,10.98,10.56
2023-10-23,10.59,236135.0,10.62,10.64,10.41
2023-10-24,10.97,257484.0,10.59,10.97,10.54
2023-10-25,11.07,164620.0,10.88,11.1,10.83
2023-10-26,11.21,174243.0,11.05,11.43,10.935
2023-10-27,10.73,300269.0,11.19,11.23,10.67
2023-10-30,10.85,205441.0,10.79,10.948,10.65
2023-10-31,11.06,193343.0,10.85,11.1,10.72
2023-11-01,11.34,300601.0,11.02,11.41,10.755
2023-11-02,11.45,497827.0,12.23,12.26,11.18
2023-11-03,11.65,274767.0,11.73,11.94,11.57
2023-11-06,12.08,350881.0,11.98,12.27,11.95
2023-11-07,12.01,257064.0,12.0,12.1,11.72
2023-11-08,11.71,226925.0,12.08,12.11,11.61
2023-11-09,11.8,232244.0,11.73,11.885,11.55
2023-11-10,12.01,161364.0,11.84,12.06,11.745
2023-11-13,11.84,287083.0,11.91,11.98,11.72
2023-11-14,12.34,380566.0,12.07,12.34,11.98
2023-11-15,12.8,475288.0,12.32,12.89,12.32
2023-11-16,12.46,261012.0,12.74,12.74,12.2314
2023-11-17,12.7,486637.0,12.55,12.8,12.38
2023-11-20,12.87,365393.0,12.68,12.9,12.49
2023-11-21,12.41,296488.0,12.85,12.87,12.38
2023-11-22,12.69,185222.0,12.45,12.725,12.4
2023-11-24,12.83,50638.0,12.61,12.8793,12.61
2023-11-27,12.58,155200.0,12.73,12.75,12.54
2023-11-28,12.88,277715.0,12.61,12.94,12.44
2023-11-29,12.84,211977.0,12.93,12.96,12.75
2023-11-30,13.32,289487.0,12.94,13.36,12.8153
2023-12-01,13.9,349063.0,13.28,13.98,13.16
2023-12-04,13.94,432582.0,13.91,14.26,13.745
2023-12-05,14.13,251867.0,14.0,14.252,13.8
2023-12-06,14.29,186313.0,14.13,14.57,14.08
2023-12-07,14.65,195879.0,14.18,14.67,14.09
2023-12-08,15.21,381863.0,14.99,15.25,14.78
2023-12-11,15.13,548204.0,15.14,15.26,14.91
2023-12-12,15.06,308342.0,15.13,15.395,15.01
2023-12-13,15.3,317550.0,15.06,15.3,14.96
2023-12-14,14.84,300235.0,15.28,15.4499,14.72
2023-12-15,14.42,434146.0,14.99,14.995,14.28
2023-12-18,14.2,241228.0,14.51,14.5234,14.14
2023-12-19,14.77,233405.0,14.24,14.9,14.16
2023-12-20,14.75,221848.0,14.75,14.915,14.655
2023-12-21,14.96,141015.0,14.81,15.05,14.66
2023-12-22,15.06,157714.0,14.98,15.21,14.98
2023-12-26,15.13,176066.0,15.08,15.215,15.05
2023-12-27,15.48,188461.0,15.06,15.5,15.06
2023-12-28,15.67,159074.0,15.38,15.75,15.32
2023-12-29,15.69,165241.0,15.71,15.86,15.54
2024-01-02,15.43,201474.0,15.66,15.8,15.245
2024-01-03,14.86,213557.0,15.49,15.49,14.82
2024-01-04,15.38,232952.0,15.06,15.44,15.04
2024-01-05,15.35,153361.0,15.28,15.38,15.14
2024-01-08,15.76,221363.0,15.35,15.96,15.33
2024-01-09,15.24,187433.0,15.62,15.63,15.24
2024-01-10,15.52,173348.0,15.18,15.52,15.0402
2024-01-11,15.07,230697.0,15.44,15.44,14.91
2024-01-12,15.25,190598.0,15.34,15.36,15.08
2024-01-16,15.19,282080.0,15.16,15.38,15.0
2024-01-17,14.83,161277.0,15.04,15.3,14.64
2024-01-18,14.75,279895.0,14.75,14.9,14.48
2024-01-19,14.41,230538.0,14.87,14.87,14.16
2024-01-22,14.57,173109.0,14.52,14.66,14.33
2024-01-23,14.59,203902.0,14.66,14.81,14.455
2024-01-24,14.71,206431.0,14.66,14.84,14.63
2024-01-25,15.02,212844.0,14.82,15.06,14.7
2024-01-26,14.93,144689.0,15.0,15.13,14.56
2024-01-29,15.05,110262.0,14.95,15.06,14.795
2024-01-30,15.08,536481.0,15.08,15.32,14.94
2024-01-31,14.38,167010.0,15.11,15.14,14.38
2024-02-01,15.14,248933.0,14.5,15.2,14.41
2024-02-02,14.75,214532.0,14.97,14.99,14.6
2024-02-05,14.95,360353.0,14.68,15.07,14.37
2024-02-06,14.87,100076.0,14.86,15.04,14.76
2024-02-07,14.9,149409.0,14.87,14.93,14.64
2024-02-08,15.31,256666.0,14.92,15.35,14.92
2024-02-09,15.5,211236.0,15.37,15.605,15.23
2024-02-12,15.44,269310.0,15.5,15.67,15.36
2024-02-13,15.04,190602.0,15.12,15.21,14.95
2024-02-14,15.2,155121.0,15.2,15.33,15.05
2024-02-15,15.57,181590.0,15.2,15.62,15.2
2024-02-16,15.62,147315.0,15.58,15.79,15.3401
2024-02-20,16.09,284666.0,15.44,16.1,15.44
2024-02-21,18.0,975739.0,16.14,18.01,16.0108
2024-02-22,16.63,609915.0,17.97,17.97,16.63
2024-02-23,16.84,457326.0,16.54,16.98,16.1756
2024-02-26,17.3,263819.0,17.22,17.485,16.52
2024-02-27,17.88,211621.0,17.36,17.965,17.27
2024-02-28,17.43,230863.0,17.75,17.8699,17.4
2024-02-29,17.97,333706.0,17.67,18.04,17.55
2024-03-01,18.26,397646.0,18.02,18.45,17.865
2024-03-04,18.33,249304.0,18.3,18.5,18.12
2024-03-05,18.73,410094.0,18.34,18.97,18.26
2024-03-06,19.0,480820.0,18.87,19.1675,18.65
2024-03-07,19.9,787905.0,20.8,20.85,19.22
2024-03-08,20.51,618497.0,20.3,21.26,20.195
2024-03-11,20.99,444901.0,21.15,21.42,20.8
2024-03-12,21.0,401205.0,20.94,21.1,20.66
2024-03-13,20.98,281338.0,21.04,21.105,20.86
2024-03-14,21.71,636611.0,21.0,21.79,20.8701
2024-03-15,21.58,770643.0,21.54,22.22,21.36
2024-03-18,22.38,748588.0,21.58,22.55,21.295
2024-03-19,23.19,796612.0,22.5,23.34,22.3
2024-03-20,22.82,773916.0,23.21,23.21,22.51
2024-03-21,23.41,952664.0,23.0,23.43,22.62
2024-03-22,22.96,467292.0,23.38,23.38,22.85
2024-03-25,23.04,601487.0,23.01,23.19,22.9
2024-03-26,22.94,531306.0,23.04,23.445,22.82
2024-03-27,23.21,453888.0,23.22,23.37,22.92
2024-03-28,23.25,718605.0,23.27,24.18,23.14
2024-04-01,23.64,606186.0,23.25,23.91,23.04
2024-04-02,24.1,444253.0,23.41,24.16,23.06
2024-04-03,24.01,387633.0,24.11,24.19,23.68
2024-04-04,24.26,360608.0,24.13,24.31,23.85
2024-04-05,25.42,783986.0,24.21,25.56,24.2
2024-04-08,25.06,828806.0,25.42,25.785,25.0
2024-04-09,24.71,629371.0,24.81,25.095,24.12
2024-04-10,24.8,730033.0,24.8,25.62,24.52
2024-04-11,25.65,595135.0,25.02,25.68,24.54
2024-04-12,25.07,504800.0,25.62,25.65,24.67
2024-04-15,24.88,409206.0,25.13,25.71,24.65
2024-04-16,25.17,406547.0,24.52,25.3,24.52
2024-04-17,25.11,495209.0,25.23,25.58,24.7515
2024-04-18,25.2,454235.0,25.05,25.745,24.85
2024-04-19,25.24,558143.0,25.05,25.49,24.75
2024-04-22,25.34,805733.0,25.35,26.43,25.23
2024-04-23,26.25,654111.0,25.31,26.8,25.25
2024-04-24,26.64,719928.0,26.6,27.37,26.29
2024-04-25,26.44,476701.0,26.51,26.64,26.11
2024-04-26,27.0,393973.0,26.92,27.1499,26.6
2024-04-29,26.84,495251.0,27.15,27.41,26.63
2024-04-30,26.76,847305.0,26.61,26.8399,24.87
2024-05-01,27.33,495211.0,26.77,27.7348,26.45
2024-05-02,28.21,642505.0,27.49,28.42,27.36
2024-05-03,28.14,504658.0,28.44,28.48,27.41
2024-05-06,29.08,650465.0,28.33,29.14,28.2501
2024-05-07,29.21,629153.0,29.08,29.73,29.01
2024-05-08,29.91,573091.0,29.18,30.05,29.18
2024-05-09,37.97,4006455.0,33.15,39.25,33.11
2024-05-10,36.41,1786609.0,37.33,37.85,35.73
2024-05-13,35.6,1452105.0,36.36,36.81,34.1647
2024-05-14,37.01,1116700.0,36.03,37.04,35.44
2024-05-15,36.7,827823.0,37.49,37.6636,35.75
2024-05-16,37.82,782005.0,36.57,37.85,36.08
2024-05-17,37.64,633823.0,37.85,38.34,37.09
2024-05-20,38.97,725668.0,37.56,39.55,37.56
2024-05-21,40.93,1030323.0,38.83,41.05,38.01
2024-05-22,39.61,745505.0,41.12,41.12,39.57
2024-05-23,40.6,602038.0,39.7,41.04,39.55
2024-05-24,40.53,597458.0,40.74,41.5,40.53
2024-05-28,40.4,819934.0,41.0,41.94,40.37
2024-05-29,41.39,636959.0,40.01,41.97,40.001
2024-05-30,41.86,760825.0,41.1,42.675,40.73
2024-05-31,41.38,937145.0,42.0,42.3168,40.41
2024-06-03,43.11,1007852.0,41.5,43.6299,41.5
2024-06-04,42.97,891122.0,43.09,43.65,41.34
2024-06-05,44.64,683447.0,43.01,44.81,42.895
2024-06-06,43.57,573247.0,44.85,44.85,43.19
2024-06-07,41.83,589887.0,43.27,43.7299,41.79
2024-06-10,41.17,1689067.0,41.5,41.65,36.1
2024-06-11,41.11,809897.0,41.17,41.38,40.2
2024-06-12,42.15,587287.0,41.15,43.03,40.76
2024-06-13,41.44,485650.0,43.075,43.59,40.8701
2024-06-14,40.39,763630.0,41.06,41.63,40.06
2024-06-17,42.38,676068.0,41.07,42.49,40.686
2024-06-18,42.46,641169.0,42.42,43.82,42.11
2024-06-20,41.38,586866.0,42.46,42.72,41.34
2024-06-21,42.33,567513.0,41.33,42.48,40.93
2024-06-24,44.74,875735.0,42.52,44.78,42.33
2024-06-25,45.72,869106.0,44.79,45.84,44.28
2024-06-26,46.22,952036.0,45.3,46.43,44.54
2024-06-27,44.23,1063805.0,46.39,46.68,43.86
2024-06-28,46.77,1638970.0,44.51,47.0,44.5001
2024-07-01,45.48,1318396.0,47.35,48.41,45.1
2024-07-02,43.84,972579.0,45.06,45.2299,42.88
2024-07-03,44.89,296864.0,43.88,45.14,43.84
2024-07-05,44.0,487910.0,44.8,44.8,43.51
2024-07-08,45.79,722660.0,44.25,45.89,43.685
2024-07-09,45.81,688462.0,45.84,46.34,44.8
2024-07-10,45.3,759026.0,46.0,46.5825,44.65
2024-07-11,44.09,655054.0,45.74,45.7897,43.4
2024-07-12,43.24,596456.0,44.1,44.6899,43.112
2024-07-15,42.68,935449.0,43.92,44.179,42.13
2024-07-16,42.53,970045.0,43.41,43.41,41.63
2024-07-17,41.22,815594.0,42.37,44.0099,40.63
2024-07-18,40.44,666599.0,41.53,41.9,40.16
2024-07-19,39.4,1288702.0,40.78,40.79,39.1776
2024-07-22,39.0,1046177.0,39.5,39.88,38.77
2024-07-23,38.68,601014.0,38.87,39.99,38.2728
2024-07-24,37.05,607567.0,38.36,38.5,36.84
2024-07-25,37.12,961097.0,37.11,37.66,36.22
2024-07-26,36.12,1700598.0,35.37,36.57,34.43
2024-07-29,36.82,855771.0,36.64,37.11,36.02
2024-07-30,36.23,587171.0,36.82,37.15,35.8
2024-07-31,36.49,1048627.0,36.98,37.19,35.82
2024-08-01,36.51,729268.0,36.86,37.1715,35.84
2024-08-02,34.93,758652.0,35.32,35.705,34.64
2024-08-05,33.56,1027363.0,33.23,34.38,32.049
2024-08-06,35.36,1200364.0,33.71,35.39,32.7369
2024-08-07,34.72,2096713.0,35.55,35.89,34.2101
2024-08-08,31.5,3054297.0,36.1,36.14,30.54
2024-08-09,30.47,2059865.0,32.02,32.02,30.1
2024-08-12,30.96,1785975.0,30.0,30.99,29.752
2024-08-13,30.55,1079229.0,30.96,31.64,29.96
2024-08-14,31.6,932536.0,30.62,31.97,30.6105
2024-08-15,30.6,942057.0,31.84,32.085,30.36
2024-08-16,31.05,1421580.0,30.7,31.5666,30.29
2024-08-19,31.32,764873.0,31.31,31.68,30.77
2024-08-20,30.96,522228.0,31.44,31.48,30.34
2024-08-21,31.7,725142.0,31.27,32.01,30.658
2024-08-22,31.5,567933.0,31.64,32.13,31.222
2024-08-23,32.18,650226.0,31.73,32.49,31.155
2024-08-26,32.62,521774.0,32.67,32.73,31.68
2024-08-27,32.39,642448.0,32.48,32.825,31.85
2024-08-28,30.83,588242.0,32.45,32.55,30.81
2024-08-29,30.9,508173.0,30.83,31.65,30.645
2024-08-30,31.45,598525.0,31.07,31.5,30.85
2024-09-03,30.15,936570.0,32.18,32.28,30.1
2024-09-04,30.52,655600.0,30.03,30.86,29.25
2024-09-05,30.51,812018.0,30.55,30.81,29.605
2024-09-06,29.28,878155.0,30.52,30.99,28.8701
2024-09-09,30.9,1130175.0,29.59,31.35,29.59
2024-09-10,31.09,960740.0,31.0,31.61,30.61
2024-09-11,31.35,1162850.0,30.97,31.41,30.567
2024-09-12,30.65,715503.0,31.09,31.31,30.26
2024-09-13,31.35,609981.0,31.01,31.68,30.92
2024-09-16,31.42,636893.0,31.45,31.68,30.7401
2024-09-17,32.43,1271509.0,31.96,32.76,31.8663
2024-09-18,31.98,984185.0,32.31,33.62,31.88
2024-09-19,32.52,911941.0,32.89,33.34,32.06
2024-09-20,33.43,1212885.0,32.56,33.45,32.45
2024-09-23,34.33,1018384.0,33.44,34.58,33.01
2024-09-24,35.73,1320048.0,34.3,36.27,34.2
2024-09-25,35.73,1070750.0,35.7,36.56,35.1171
2024-09-26,34.82,1032435.0,35.95,36.67,34.78
2024-09-27,35.13,899320.0,34.88,35.91,34.88
2024-09-30,35.07,1213788.0,36.26,36.65,34.626
2024-10-01,36.18,1105331.0,35.11,36.6,34.9179
2024-10-02,36.06,908314.0,35.84,36.81,35.61
2024-10-03,35.49,901846.0,36.03,36.3485,34.635
2024-10-04,36.32,512179.0,35.81,36.37,35.4
2024-10-07,37.67,1970155.0,36.28,37.82,36.28
2024-10-08,38.4,984631.0,37.44,39.1,37.22
2024-10-09,39.71,1230111.0,38.58,40.21,38.58
2024-10-10,38.73,1540487.0,39.65,39.68,37.62
2024-10-11,39.77,679472.0,38.72,40.21,38.6
2024-10-14,39.95,1012324.0,40.4,40.545,39.5373
2024-10-15,40.0,771207.0,39.95,40.45,38.8645
2024-10-16,40.91,774816.0,40.26,41.57,39.96
2024-10-17,40.27,619464.0,41.0,41.0,39.4501
2024-10-18,40.35,699910.0,40.39,40.685,40.07
2024-10-21,38.9,1320001.0,40.35,40.37,38.62
2024-10-22,38.31,3320359.0,39.03,39.27,38.29
2024-10-23,35.96,2205387.0,38.14,38.18,35.3
2024-10-24,34.77,1361064.0,35.87,35.95,33.87
2024-10-25,35.37,656221.0,34.95,35.69,34.59
2024-10-28,36.15,904702.0,36.05,36.7,35.7917
2024-10-29,36.39,677836.0,35.93,36.41,35.29
2024-10-30,36.38,633528.0,36.42,36.87,36.0
2024-10-31,34.68,1015362.0,36.12,36.315,34.53
2024-11-01,34.56,598734.0,35.2,35.59,34.14
2024-11-04,34.56,831383.0,34.18,35.9,34.11
2024-11-05,35.46,706340.0,34.42,35.72,34.1
2024-11-06,36.87,1350064.0,36.25,37.29,36.22
2024-11-07,31.38,5246821.0,35.42,35.42,30.21
2024-11-08,30.91,1388182.0,31.69,32.04,30.64
2024-11-11,29.28,2388825.0,31.07,31.535,28.12
2024-11-12,28.43,1271959.0,29.2,29.635,28.42
2024-11-13,28.5,1179914.0,28.94,29.29,27.91
2024-11-14,28.5,674520.0,28.5,29.1187,28.2501
2024-11-15,28.13,1173900.0,28.63,29.13,28.1
2024-11-18,29.15,1112003.0,28.19,29.74,28.0
2024-11-19,30.13,1519102.0,29.2,30.23,28.41
2024-11-20,30.13,1149821.0,29.8,30.6,29.55
2024-11-21,31.03,705844.0,30.02,31.12,29.0
2024-11-22,30.44,1742749.0,31.25,32.13,30.38
2024-11-25,32.27,2210182.0,31.34,33.3244,31.3
2024-11-26,32.53,1806893.0,32.1,33.2,32.1
2024-11-27,32.34,1829416.0,32.86,33.6,32.19
2024-11-29,33.2,1236853.0,33.17,33.34,32.27
2024-12-02,33.75,810029.0,32.69,33.99,32.48
2024-12-03,34.14,666252.0,33.87,34.18,32.69
2024-12-04,34.23,922934.0,34.24,34.27,33.05
2024-12-05,34.47,560577.0,34.17,34.705,33.62
2024-12-06,35.44,521300.0,34.73,35.48,34.45
2024-12-09,36.97,975010.0,36.29,37.53,36.28
2024-12-10,37.57,1116814.0,36.93,38.4,36.54
2024-12-11,38.73,895093.0,37.95,39.06,37.345
2024-12-12,36.99,771924.0,38.82,39.44,36.88
2024-12-13,37.57,892216.0,37.15,38.108,36.54
2024-12-16,38.85,1053059.0,37.58,38.92,37.58
2024-12-17,38.815,660824.0,38.37,39.15,37.85
2024-12-18,37.23,874100.0,38.78,39.272,36.95
2024-12-19,38.74,760538.0,37.74,38.94,36.99
2024-12-20,39.69,1902666.0,38.19,40.5,38.08
2024-12-23,38.81,717968.0,39.81,40.0,38.36
2024-12-24,39.33,344317.0,39.06,39.46,38.6475
2024-12-26,37.72,742829.0,39.26,39.505,37.59
2024-12-27,37.345,694052.0,37.5,38.02,36.61
2024-12-30,37.16,555796.0,37.45,37.655,36.75
2024-12-31,37.69,658227.0,37.57,38.38,36.88
2025-01-02,38.84,444318.0,37.95,39.45,37.895
2025-01-03,39.63,476074.0,38.75,39.76,38.71
2025-01-06,38.55,974722.0,40.0,40.35,38.0
2025-01-07,37.6,674662.0,38.96,39.195,37.0
2025-01-08,39.38,772592.0,37.94,39.78,37.03
2025-01-10,40.13,902744.0,39.16,40.325,38.29
2025-01-13,41.62,3004799.0,39.95,43.8,39.5071
2025-01-14,42.08,1307316.0,42.58,43.23,41.78
2025-01-15,42.67,936180.0,42.77,43.53,41.6701
2025-01-16,43.14,823996.0,42.62,43.7,41.77
2025-01-17,45.01,1613296.0,43.57,45.72,43.3267
2025-01-21,43.93,1617246.0,45.24,45.55,41.08
2025-01-22,44.39,1134084.0,44.07,44.97,43.485
2025-01-23,45.12,685731.0,44.39,45.39,43.9
2025-01-24,43.14,1238585.0,45.0,45.01,42.4214
2025-01-27,42.37,1137592.0,42.72,44.18,41.94
2025-01-28,42.87,802221.0,42.58,44.2154,42.46
2025-01-29,44.04,664539.0,42.87,44.56,42.8
2025-01-30,44.93,1094685.0,44.5,45.29,43.6
2025-01-31,43.875,873110.0,45.0,45.62,43.46
2025-02-03,39.88,1785718.0,41.2,41.86,38.09
2025-02-04,38.01,1299797.0,39.85,40.37,37.53
2025-02-05,37.69,1314002.0,38.02,38.46,37.13
2025-02-06,37.49,809122.0,38.06,38.23,37.18
2025-02-07,36.17,894093.0,37.45,38.14,36.08
2025-02-10,35.41,1152861.0,36.23,36.49,35.14
2025-02-11,35.71,926429.0,35.29,36.25,35.06
2025-02-12,34.93,1009925.0,35.0,35.7399,34.895
2025-02-13,35.42,858619.0,35.09,35.73,34.625
2025-02-14,34.76,1652146.0,35.94,36.6034,33.45
2025-02-18,34.31,1455525.0,34.79,35.36,33.14
2025-02-19,35.38,889311.0,34.35,35.51,33.9012
2025-02-20,34.77,1127129.0,35.0,35.82,34.41
2025-02-21,34.9,893058.0,35.48,36.18,34.75
2025-02-24,32.33,1894512.0,33.74,34.3,32.28
2025-02-25,32.06,1184296.0,32.0,32.74,31.06
2025-02-26,33.88,1489860.0,32.45,34.14,32.35
2025-02-27,30.79,4098199.0,36.14,37.49,30.5
2025-02-28,33.11,2913074.0,31.99,33.4,31.35
2025-03-03,31.55,2042688.0,33.48,33.6,31.3321
2025-03-04,31.15,1249632.0,31.005,31.96,30.51
2025-03-05,30.78,936112.0,31.17,31.51,30.39
2025-03-06,30.39,1042284.0,30.231,30.82,29.63
2025-03-07,33.12,1414258.0,30.15,33.31,30.13
2025-03-10,32.04,1172360.0,32.32,32.89,31.71
2025-03-11,31.6,906580.0,32.01,32.565,31.14
2025-03-12,31.94,1022453.0,31.93,32.55,30.895
2025-03-13,29.32,1454577.0,32.05,32.525,29.015
2025-03-14,30.94,1209899.0,29.74,31.7,29.64
2025-03-17,31.59,994842.0,30.8,31.93,30.75
2025-03-18,29.59,1036516.0,31.29,31.43,29.0
2025-03-19,29.56,1078975.0,29.73,29.935,29.06
2025-03-20,29.52,1046141.0,29.53,30.045,29.0148
2025-03-21,29.79,698889.0,29.26,29.855,28.87
2025-03-24,31.36,1051248.0,31.39,31.87,30.53
2025-03-25,32.46,757329.0,31.35,32.77,31.105
2025-03-26,31.0,601686.0,32.25,32.515,30.845
2025-03-27,30.27,641843.0,30.835,31.39,30.05
2025-03-28,29.72,879714.0,30.27,30.485,28.93
2025-03-31,30.47,1013495.0,29.15,30.65,29.1315
2025-04-01,30.95,944931.0,30.47,30.99,29.9911
2025-04-02,31.66,730815.0,30.35,31.88,30.35
2025-04-03,32.38,1182838.0,30.91,32.775,30.35
2025-04-04,32.23,1166415.0,31.36,32.61,31.06
2025-04-07,32.69,1105470.0,30.35,33.44,29.52
2025-04-08,32.3,1293758.0,33.72,33.99,31.59
2025-04-09,33.79,1718625.0,31.31,34.73,31.31
2025-04-10,33.09,967216.0,33.33,33.71,32.23
2025-04-11,34.01,752812.0,33.25,34.4425,32.73
2025-04-14,33.62,844305.0,34.45,34.51,33.3
2025-04-15,33.75,642931.0,33.71,34.305,33.45
2025-04-16,33.03,626653.0,33.68,33.68,32.38
2025-04-17,32.99,681851.0,32.84,33.15,32.37
2025-04-21,33.06,998429.0,32.71,33.255,32.1
2025-04-22,33.49,609332.0,33.08,34.0,33.02
